{
    "timestamp": "20241224_040845",
    "parameters": {
        "max_depth": 4,
        "learning_rate": 0.08202506906714582,
        "min_child_weight": 7,
        "reg_alpha": 7.220329359436198,
        "reg_lambda": 4.1888987571208816,
        "subsample": 0.6384517761777654,
        "colsample_bytree": 0.5458324006516967
    },
    "best_score": 0.998552839563945,
    "feature_importance": {
        "f0": 67.45082092285156,
        "f1": 57.75245666503906,
        "f2": 113.53296661376953,
        "f3": 260.54302978515625,
        "f4": 48.835792541503906,
        "f5": 40.96683883666992,
        "f6": 61.592498779296875,
        "f7": 103.16458129882812,
        "f8": 44.045135498046875,
        "f9": 1017.0098876953125,
        "f10": 151.99771118164062,
        "f11": 1366.0367431640625,
        "f12": 75.43128204345703,
        "f13": 1748.6739501953125,
        "f14": 36.289772033691406,
        "f15": 59.89220428466797,
        "f16": 342.31451416015625,
        "f17": 85.70292663574219,
        "f18": 43.481475830078125,
        "f19": 41.40058898925781,
        "f20": 27.344745635986328,
        "f21": 36.1224479675293,
        "f22": 47.7916145324707,
        "f23": 23.72456932067871,
        "f24": 42.484066009521484,
        "f25": 37.381900787353516,
        "f26": 42.428409576416016,
        "f27": 34.75861740112305,
        "f28": 80.3915023803711,
        "f29": 78.31414794921875,
        "f30": 74.8770523071289
    }
}